Criminal,Amount,Vio
살인,104,0.001150455
강도,117,0.001294262
강간/강제추행,5816,0.064336995
절도,37579,0.415701501
폭행,46783,0.517516787
